letterset,word,frequency
ouy,you,7.62
eht,the,7.47
ot,to,7.36
it,it,7.28
aht,that,7.15
adn,and,7.13
fo,of,7.06
ahtw,what,6.99
in,in,6.99
em,me,6.97
is,is,6.95
ew,we,6.95
hist,this,6.9
eh,he,6.88
no,on,6.84
for,for,6.84
my,my,6.83
oruy,your,6.81
aehv,have,6.79
do,do,6.79
be,be,6.76
know,know,6.76
asw,was,6.75
not,not,6.73
acn,can,6.72
aer,are,6.72
al,all,6.71
hitw,with,6.7
jstu,just,6.68
egt,get,6.66
ehr,here,6.66
btu,but,6.64
ehrt,there,6.64
os,so,6.63
ehty,they,6.61
ghirt,right,6.6
eikl,like,6.6
otu,out,6.59
go,go,6.58
ehs,she,6.57
pu,up,6.56
abotu,about,6.56
fi,if,6.55
him,him,6.54
got,got,6.52
ho,oh,6.52
at,at,6.51
now,now,6.5
cemo,come,6.5
eno,one,6.49
how,how,6.48
elw,well,6.48
aehy,yeah,6.47
antw,want,6.44
hiknt,think,6.43
dgo,good,6.42
es,see,6.41
elt,let,6.38
di,did,6.37
hwy,why,6.35
as,as,6.35
his,his,6.33
ilw,will,6.33
gino,going,6.33
fmor,from,6.31
ehnw,when,6.31
abck,back,6.3
akoy,okay,6.3
esy,yes,6.3
agno,gonna,6.3
eimt,time,6.29
klo,look,6.29
aekt,take,6.28
an,an,6.27
amn,man,6.27
ehrw,where,6.26
ehmt,them,6.25
dlouw,would,6.25
ben,been,6.24
emos,some,6.24
ehy,hey,6.24
or,or,6.23
su,us,6.23
adh,had,6.22
erw,were,6.22
asy,say,6.21
cdlou,could,6.21
din,didn,6.2
aelry,really,6.18
eghimnost,something,6.18
dnow,down,6.17
ehnt,then,6.17
eilt,little,6.16
awy,way,6.15
oru,our,6.15
aekm,make,6.14
enrv,never,6.13
by,by,6.13
eorv,over,6.12
emor,more,6.11
den,need,6.11
aemn,mean,6.09
ervy,very,6.09
mr,mr,6.07
orsy,sorry,6.07
egiv,give,6.07
ahs,has,6.05
ahknt,thank,6.05
elov,love,6.05
adis,said,6.04
am,am,6.04
elop,people,6.04
aelps,please,6.04
ersu,sure,6.04
any,any,6.04
ghint,thing,6.04
lnoy,only,6.03
abcesu,because,6.03
otw,two,6.03
dhlosu,should,6.03
dgino,doing,6.01
chmu,much,5.99
irs,sir,5.98
abemy,maybe,5.97
ehlp,help,5.96
aghinty,anything,5.96
ehst,these,5.96
env,even,5.94
acl,call,5.93
aklt,talk,5.93
ghinot,nothing,5.93
inot,into,5.93
first,first,5.92
dfin,find,5.92
aitw,wait,5.92
ptu,put,5.92
aegrt,great,5.91
ghotu,thought,5.91
ady,day,5.9
korw,work,5.9
efil,life,5.9
befor,before,5.9
bert,better,5.9
agin,again,5.9
ilst,still,5.9
ehmo,home,5.89
guy,guy,5.88
ehost,those,5.88
ahnt,than,5.87
adnoru,around,5.87
ehort,other,5.87
enw,new,5.86
alst,last,5.86
hu,uh,5.86
erv,ever,5.85
opst,stop,5.85
ekp,keep,5.85
dlot,told,5.84
mstu,must,5.84
ghinst,things,5.84
bgi,big,5.83
aefrt,after,5.83
glno,long,5.83
deos,does,5.82
alswy,always,5.82
ehirt,their,5.82
eghinrtvy,everything,5.82
cein,nice,5.81
emnoy,money,5.81
denos,doesn,5.8
gsuy,guys,5.8
efl,feel,5.8
beilv,believe,5.8
ahknst,thanks,5.79
dlo,old,5.78
acelp,place,5.78
efin,fine,5.78
dikn,kind,5.77
ins,isn,5.77
ehlo,hello,5.77
lot,lot,5.76
aersy,years,5.75
adem,made,5.75
aelv,leave,5.75
hi,hi,5.75
gilr,girl,5.75
aehr,hear,5.74
aefhrt,father,5.74
ghortu,through,5.74
abd,bad,5.74
eilnst,listen,5.74
bemr,remember,5.73
boy,boy,5.72
cgimno,coming,5.72
gnorw,wrong,5.72
ghimt,might,5.71
asty,stay,5.71
ehosu,house,5.71
amy,may,5.71
aby,baby,5.71
aehnort,another,5.71
ko,ok,5.71
ad,dad,5.7
agot,gotta,5.7
anw,wanna,5.7
adentw,wanted,5.7
eghnou,enough,5.7
agiklnt,talking,5.7
adehnp,happened,5.69
hosw,show,5.69
ceorsu,course,5.69
begin,being,5.69
acer,care,5.69
deno,done,5.69
egint,getting,5.68
dimn,mind,5.68
eflt,left,5.68
aks,ask,5.68
acr,car,5.68
adenrstu,understand,5.68
ehmort,mother,5.68
chiw,which,5.68
rty,try,5.68
ehl,hell,5.67
ims,miss,5.67
acem,came,5.67
dlnouw,wouldn,5.67
dlorw,world,5.66
egsu,guess,5.66
entx,next,5.66
ikl,kill,5.66
els,else,5.65
ade,dead,5.65
ginrty,trying,5.65
emnos,someone,5.65
aelr,real,5.65
mor,room,5.64
gimnor,morning,5.64
dhlo,hold,5.64
ain,ain,5.64
amnow,woman,5.64
eflorsuy,yourself,5.64
adoty,today,5.64
giklno,looking,5.64
answ,wasn,5.63
mo,mom,5.63
definr,friend,5.62
emov,move,5.62
aems,same,5.62
bjo,job,5.62
entw,went,5.61
nos,son,5.61
best,best,5.61
dfnou,found,5.6
eprty,pretty,5.59
adery,ready,5.59
adehr,heard,5.59
ehlow,whole,5.59
ens,seen,5.58
eghort,together,5.58
cfku,fuck,5.58
eimntu,minute,5.58
emn,men,5.57
adeh,head,5.57
aemrt,matter,5.57
aehnv,haven,5.57
eknw,knew,5.57
cesux,excuse,5.57
amny,many,5.56
adei,idea,5.55
hiotuw,without,5.55
alpy,play,5.55
afilmy,family,5.55
emt,meet,5.55
most,most,5.54
nru,run,5.54
ehilw,while,5.54
efiw,wife,5.54
ceno,once,5.54
eilv,live,5.54
bdemosy,somebody,5.54
bdeorvy,everybody,5.54
desu,used,5.54
esu,use,5.54
eflmsy,myself,5.53
kot,took,5.53
ety,yet,5.53
arst,start,5.53
acdel,called,5.53
cdlnou,couldn,5.53
dik,kid,5.53
mortw,tomorrow,5.53
ahpy,happy,5.52
chlos,school,5.52
belmopr,problem,5.52
achtw,watch,5.52
bginr,bring,5.51
cfgiknu,fucking,5.51
acltuy,actually,5.51
beinsu,business,5.51
ehop,hope,5.51
enop,open,5.51
adelry,already,5.5
ceins,since,5.5
klos,looks,5.49
ist,sit,5.49
mrs,mrs,5.49
acesu,cause,5.49
aelno,alone,5.49
adhr,hard,5.49
anstw,wants,5.49
fstu,stuff,5.49
nrtu,turn,5.49
adsy,days,5.48
definrs,friends,5.48
ilntu,until,5.48
efw,few,5.48
diks,kids,5.48
ehnoy,honey,5.48
dr,dr,5.47
egno,gone,5.47
bhot,both,5.47
dor,door,5.46
aelrt,later,5.46
aginsy,saying,5.46
chsu,such,5.46
deikl,killed,5.46
aghinv,having,5.46
acef,face,5.46
orwy,worry,5.46
ago,ago,5.46
efiv,five,5.45
cdenos,second,5.45
behort,brother,5.45
admn,damn,5.45
aces,case,5.45
ghiknt,thinking,5.45
ablopry,probably,5.45
abefiltu,beautiful,5.45
adhn,hand,5.45
cehk,check,5.45
aery,year,5.44
efgort,forget,5.44
hit,hit,5.44
lost,lost,5.44
eimnstu,minutes,5.44
acryz,crazy,5.43
aelt,late,5.43
ehnop,phone,5.43
bdnoy,nobody,5.43
aesy,easy,5.42
cdort,doctor,5.42
hstu,shut,5.42
denru,under,5.42
aprt,part,5.42
adel,deal,5.42
dei,die,5.42
foru,four,5.41
aenoy,anyone,5.41
apy,pay,5.41
aehnp,happen,5.4
ertu,true,5.4
aceh,each,5.4
deopsu,supposed,5.4
aet,eat,5.4
eimn,mine,5.4
giknorw,working,5.4
notw,town,5.39
adfir,afraid,5.39
diknr,drink,5.39
aceltxy,exactly,5.39
aehrtvw,whatever,5.39
hrtu,hurt,5.39
knosw,knows,5.39
aehrt,heart,5.39
aegv,gave,5.39
gnouy,young,5.39
enorvy,everyone,5.38
acehn,chance,5.38
ader,read,5.38
aekms,makes,5.38
bemnru,number,5.38
agiknt,taking,5.38
aceghn,change,5.38
anwy,anyway,5.38
ekw,week,5.38
adeimr,married,5.38
adhns,hands,5.37
inopt,point,5.37
ceilop,police,5.37
dorw,word,5.37
fnu,fun,5.37
hisw,wish,5.37
bit,bit,5.37
aenr,aren,5.37
aegm,game,5.37
aprty,party,5.37
est,set,5.36
ctu,cut,5.36
cemos,comes,5.36
elps,sleep,5.36
host,shot,5.36
abdnoy,anybody,5.36
adnst,stand,5.35
aertw,water,5.35
bosy,boys,5.35
belortu,trouble,5.35
celopu,couple,5.35
egst,gets,5.35
agikmn,making,5.35
abekr,break,5.34
orsty,story,5.34
afr,far,5.34
eimst,times,5.34
mu,um,5.34
celos,close,5.34
aemns,means,5.34
fnuy,funny,5.34
egos,goes,5.34
adly,lady,5.34
adeht,death,5.34
adeks,asked,5.33
aklw,walk,5.33
efir,fire,5.33
horsu,hours,5.33
aeht,hate,5.33
gnu,gun,5.33
erst,rest,5.33
enoprs,person,5.33
deins,inside,5.32
agintw,waiting,5.32
definrt,different,5.32
gilrs,girls,5.32
acinpt,captain,5.32
aelst,least,5.32
aimnoprt,important,5.32
ah,ah,5.31
alos,also,5.31
eiln,line,5.31
orsuy,yours,5.31
cefio,office,5.31
deinr,dinner,5.31
eiqtu,quite,5.31
aginst,against,5.3
fghit,fight,5.3
deis,side,5.3
isx,six,5.3
afhl,half,5.3
cikp,pick,5.3
einoqstu,question,5.3
clo,cool,5.29
emnow,women,5.29
bdoy,body,5.29
ghi,high,5.29
abdhnsu,husband,5.29
aenors,reason,5.29
almost,almost,5.29
buy,buy,5.28
egilnt,telling,5.28
hot,hot,5.28
aemnory,anymore,5.27
bdehin,behind,5.27
aderst,started,5.27
aekps,speak,5.27
bde,bed,5.27
emnot,moment,5.27
deirt,tried,5.27
bdlo,blood,5.27
ahls,shall,5.27
dipstu,stupid,5.27
aglno,along,5.26
fnort,front,5.26
eirst,sister,5.26
bey,bye,5.25
dens,send,5.25
celmow,welcome,5.25
eimost,sometimes,5.25
rstu,trust,5.25
efr,free,5.25
bko,book,5.25
aenrsw,answer,5.25
bentw,between,5.24
cdehilnr,children,5.24
arw,war,5.24
hruy,hurry,5.24
acft,fact,5.24
bghortu,brought,5.24
bet,bet,5.23
acelr,clear,5.23
ehitw,white,5.23
adgl,glad,5.23
adeghrtu,daughter,5.23
deiostu,outside,5.23
city,city,5.23
bchit,bitch,5.23
efgiln,feeling,5.23
abckl,black,5.22
ems,seems,5.22
flu,full,5.22
ilt,till,5.22
ciks,sick,5.22
ghilt,light,5.22
ensw,news,5.22
elos,lose,5.22
deflnoruw,wonderful,5.21
hmnost,months,5.21
aesv,save,5.21
horu,hour,5.21
cnortuy,country,5.21
ow,wow,5.2
abel,able,5.2
cefprt,perfect,5.2
dhlnosu,shouldn,5.2
ginru,running,5.2
cdhil,child,5.2
ahow,whoa,5.2
deor,order,5.19
gilnv,living,5.19
dnosu,sounds,5.19
aeilv,alive,5.19
dfo,food,5.19
eglmnt,gentlemen,5.19
cklu,luck,5.19
ahir,hair,5.19
deirv,drive,5.18
eimoprs,promise,5.18
esx,sex,5.18
cimsu,music,5.18
ay,ya,5.18
eoprw,power,5.17
orst,sort,5.17
aceilps,special,5.17
eiorsu,serious,5.17
der,red,5.17
acden,dance,5.17
aghn,hang,5.17
chotu,touch,5.17
aemt,team,5.17
agilnpy,playing,5.17
acmnopy,company,5.17
lpu,pull,5.17
alnp,plan,5.16
estw,sweet,5.16
ent,ten,5.16
cefo,coffee,5.16
ckluy,lucky,5.16
aefs,safe,5.16
adet,date,5.15
aegilnv,leaving,5.15
aenprst,parents,5.15
deinprst,president,5.15
efhilms,himself,5.15
eilsv,lives,5.14
air,air,5.14
aeknt,taken,5.14
ceiprtu,picture,5.14
adeils,ladies,5.14
dlor,lord,5.14
enst,sent,5.14
afst,fast,5.14
aehnps,happens,5.14
aehprs,perhaps,5.13
acht,catch,5.13
deir,ride,5.13
inw,win,5.13
dgikn,kidding,5.13
opt,top,5.12
acders,scared,5.12
ademr,dream,5.12
gins,sign,5.12
egimnt,meeting,5.12
abet,beat,5.12
clnort,control,5.12
dopr,drop,5.12
cdlo,cold,5.11
eksw,weeks,5.11
adgilnr,darling,5.11
efgiru,figure,5.11
gikn,king,5.11
opr,poor,5.11
hortw,throw,5.11
agikns,asking,5.11
eirtw,write,5.1
acnot,cannot,5.1
eopsu,suppose,5.1
alms,small,5.1
ahmnu,human,5.1
ceip,piece,5.09
bos,boss,5.09
ahilopst,hospital,5.09
celnu,uncle,5.09
apst,past,5.09
acgiln,calling,5.09
flow,follow,5.09
eimov,movie,5.09
achimrst,christmas,5.09
aghirst,straight,5.09
enrw,weren,5.09
dorsw,words,5.09
aceln,clean,5.08
iks,kiss,5.08
deklo,looked,5.08
eft,feet,5.08
eginv,evening,5.08
ilmno,million,5.08
eil,lie,5.08
gimnov,moving,5.08
aceilnrty,certainly,5.07
epst,step,5.07
aelnr,learn,5.07
afl,fall,5.07
afilny,finally,5.07
aekst,takes,5.07
acls,class,5.07
denorw,wonder,5.07
bdegoy,goodbye,5.07
alw,law,5.07
bcemo,become,5.06
aeglnr,general,5.06
dekorw,worked,5.06
beilops,possible,5.06
adgmno,goddamn,5.06
elnsu,unless,5.06
adm,mad,5.05
abelostuy,absolutely,5.05
demru,murder,5.05
ador,road,5.05
ey,eye,5.05
ceptx,except,5.05
ehmorsw,somewhere,5.05
aeilnpx,explain,5.05
delov,loved,5.04
ginv,giving,5.04
egins,seeing,5.04
cerst,secret,5.04
aerw,wear,5.04
act,act,5.04
aceflru,careful,5.04
cikqu,quick,5.04
adehln,handle,5.03
aps,pass,5.03
eoprt,report,5.03
aest,state,5.03
bsuy,busy,5.03
denrtu,turned,5.02
abelt,table,5.02
aekw,wake,5.02
korsw,works,5.02
bekor,broke,5.02
abl,ball,5.02
ajmor,major,5.02
ensv,seven,5.02
hmotu,mouth,5.02
amry,marry,5.02
aemnt,meant,5.02
afltu,fault,5.02
chlnu,lunch,5.02
aeilntu,lieutenant,5.02
hm,hmm,5.02
efrtu,future,5.01
aepr,paper,5.01
cefior,officer,5.01
ehlot,hotel,5.01
bduy,buddy,5.01
aegnt,agent,5.01
hiknst,thinks,5.01
adeklt,talked,5.01
belu,blue,5.01
aceimnr,american,5.01
aeikmst,mistake,5.01
tv,tv,5.01
enos,ones,5.01
deginw,wedding,5.01
cehlost,clothes,5.0
deirw,weird,5.0
acdeghn,changed,5.0
cortu,court,5.0
flor,floor,5.0
acghintw,watching,5.0
bdgilnu,building,5.0
deu,dude,5.0
ehorst,others,5.0
eglnor,longer,4.99
fhins,finish,4.99
fgort,forgot,4.99
hips,ship,4.99
bclu,club,4.99
aeinot,attention,4.99
eghit,eight,4.99
eorsw,worse,4.99
ainp,pain,4.99
ht,th,4.99
blow,blow,4.99
cehio,choice,4.99
ls,ls,4.99
abdhirty,birthday,4.99
cikst,stick,4.99
aelrx,relax,4.99
adersty,yesterday,4.99
hnor,honor,4.98
celno,colonel,4.98
amrst,smart,4.98
abot,boat,4.98
aelnp,plane,4.98
hmnot,month,4.98
elovy,lovely,4.98
ainrt,train,4.98
afir,fair,4.98
deiorw,worried,4.98
ginst,sitting,4.97
ceirstuy,security,4.97
ceorv,cover,4.97
acors,across,4.97
abg,bag,4.97
beilrt,terrible,4.97
acghtu,caught,4.97
gnos,song,4.97
denps,spend,4.97
ehors,horse,4.97
ginr,ring,4.97
enrtu,return,4.96
aelnoprs,personal,4.96
aegms,message,4.96
emsty,system,4.96
aefnort,afternoon,4.96
ahns,hasn,4.96
aeghinp,happening,4.96
iqtu,quit,4.95
cnotu,count,4.95
box,box,4.95
deims,missed,4.95
enprst,present,4.95
aceghr,charge,4.95
ekpt,kept,4.95
afimnort,information,4.95
flo,fool,4.95
eilmps,simple,4.95
deilm,middle,4.95
aclm,calm,4.95
eiprsu,surprise,4.95
eforv,forever,4.95
cdei,decided,4.95
adkr,dark,4.95
aehnrwy,anywhere,4.95
eilms,miles,4.95
aersw,swear,4.94
adln,land,4.94
gimns,missing,4.94
cetu,cute,4.94
gilny,lying,4.94
aemrst,master,4.94
ders,dress,4.94
eky,key,4.94
gnorst,strong,4.94
fix,fix,4.94
eginrst,interesting,4.94
aeginrw,wearing,4.94
aegnrst,strange,4.94
ckor,rock,4.93
ceiov,voice,4.93
cop,cop,4.93
dinow,window,4.93
abr,bar,4.93
aloty,totally,4.93
deinrst,interested,4.93
aceiprt,appreciate,4.93
adip,paid,4.93
horst,short,4.93
cdeor,record,4.93
bghotu,bought,4.93
acdr,card,4.93
aceinrt,certain,4.93
ceglo,college,4.93
cdeinv,evidence,4.93
fly,fly,4.93
abkn,bank,4.93
bdeis,besides,4.93
celmopty,completely,4.93
anr,ran,4.92
cops,cops,4.92
hiorsty,history,4.92
defhins,finished,4.92
bnor,born,4.92
dopru,proud,4.92
fhis,fish,4.92
ijno,join,4.92
elms,smell,4.92
aemnprt,apartment,4.92
ejnoy,enjoy,4.92
elrt,letter,4.92
ainostu,situation,4.92
iprt,trip,4.92
eorst,store,4.91
oy,yo,4.91
agimnz,amazing,4.91
acdeint,accident,4.91
il,il,4.91
aegimn,imagine,4.91
cdo,doc,4.91
aelprsu,pleasure,4.91
chir,rich,4.9
ceirsv,service,4.9
einrt,entire,4.9
cdefinr,difference,4.9
degju,judge,4.9
cei,ice,4.9
aelrwy,lawyer,4.9
aft,fat,4.9
aghilrt,alright,4.9
adeinst,instead,4.9
aeg,age,4.9
ainost,station,4.9
aeilrz,realize,4.9
dglo,gold,4.9
dehnru,hundred,4.9
emrsu,summer,4.9
adlors,dollars,4.89
adginst,standing,4.89
aegln,angel,4.89
cefhi,chief,4.89
gikln,killing,4.89
adior,radio,4.89
ghnruy,hungry,4.89
belmoprs,problems,4.89
aegimr,marriage,4.89
abinr,brain,4.89
losu,soul,4.89
efgiorv,forgive,4.88
dknru,drunk,4.88
dep,deep,4.88
defgiru,figured,4.88
eikls,likes,4.88
defgilnr,girlfriend,4.88
fklos,folks,4.88
losw,slow,4.88
aeiprtv,private,4.88
dginru,during,4.88
ackt,attack,4.88
ber,beer,4.88
defilnty,definitely,4.88
deopst,stopped,4.88
aenprt,partner,4.88
agiklnw,walking,4.87
adegnorsu,dangerous,4.87
efor,offer,4.87
cens,scene,4.87
dhirt,third,4.87
epstu,upset,4.87
bsu,bus,4.87
eow,owe,4.87
ehos,shoes,4.87
dginrv,driving,4.87
eghilns,english,4.87
gopru,group,4.87
ln,ln,4.87
cik,kick,4.87
ejko,joke,4.86
ckrtu,truck,4.86
aceht,teach,4.86
egnr,green,4.86
dgnoru,ground,4.86
elosv,loves,4.86
achs,cash,4.86
adforw,forward,4.86
ehnost,honest,4.86
bdefinory,boyfriend,4.86
akpr,park,4.86
inopst,position,4.86
egilns,single,4.86
ceprst,respect,4.85
beknor,broken,4.85
ceimr,crime,4.85
eortw,wrote,4.85
bcilpu,public,4.85
moy,mommy,4.85
acgilnorstu,congratulations,4.85
abgr,grab,4.85
art,art,4.85
fghint,fighting,4.85
aforv,favor,4.85
aiprstu,upstairs,4.85
cefor,force,4.85
aijl,jail,4.85
hpsu,push,4.85
eoprv,prove,4.85
almnor,normal,4.85
acehimn,machine,4.85
ceoprt,protect,4.85
defil,field,4.85
enpst,spent,4.85
efls,feels,4.84
aegiknps,speaking,4.84
ademn,named,4.84
jmpu,jump,4.84
adesv,saved,4.84
aginrst,starting,4.84
dehi,hide,4.84
chru,church,4.84
nsu,sun,4.84
acep,peace,4.84
efoprs,professor,4.84
aehrs,share,4.84
cefhnr,french,4.84
bhilstu,bullshit,4.84
demov,moved,4.84
cdeikp,picked,4.84
adhnostu,thousand,4.84
dghilno,holding,4.84
aefr,fear,4.84
ginsu,using,4.84
aept,tape,4.84
istu,suit,4.84
ceiprstu,pictures,4.83
hloy,holy,4.83
ginptu,putting,4.83
deilnov,involved,4.83
ags,gas,4.83
bkos,books,4.83
aehilnoprst,relationship,4.83
ehinrt,neither,4.83
ein,nine,4.83
op,pop,4.83
elrsu,rules,4.83
aceilpsy,especially,4.83
enorsuv,nervous,4.83
ehrtw,whether,4.83
dginy,dying,4.83
ckstu,stuck,4.82
dnoru,round,4.82
dirty,dirty,4.82
abefkrst,breakfast,4.82
diot,idiot,4.82
aceps,space,4.82
deilv,lived,4.82
inoprs,prison,4.82
acry,carry,4.82
abdrst,bastard,4.82
cry,cry,4.82
ekmos,smoke,4.82
amr,arm,4.82
film,film,4.81
egmnortv,government,4.81
ert,tree,4.81
fot,foot,4.81
ckno,knock,4.81
aegr,agree,4.81
adnopr,pardon,4.81
fgit,gift,4.81
egisv,gives,4.81
hostu,south,4.81
ademrs,dreams,4.81
abdor,board,4.81
aeks,sake,4.81
aehrstw,sweetheart,4.81
eilorsuy,seriously,4.81
hnort,north,4.8
ademnprt,department,4.8
aeinpt,patient,4.8
afluw,awful,4.8
ads,sad,4.8
deginorw,wondering,4.8
lor,roll,4.8
adgnr,grand,4.8
alsuy,usually,4.8
eiklr,killer,4.8
aghlu,laugh,4.8
bdotu,doubt,4.8
egilnst,listening,4.8
nopu,upon,4.8
bdelou,double,4.8
ceitw,twice,4.8
ehosw,whose,4.8
aotu,outta,4.8
elnpty,plenty,4.79
giltuy,guilty,4.79
deimoprs,promised,4.79
defir,fired,4.79
acpr,crap,4.79
cehikn,chicken,4.79
abhmort,bathroom,4.79
aehlos,asshole,4.79
adeginr,reading,4.79
deors,orders,4.79
deknw,weekend,4.79
cdeitv,detective,4.79
acinot,action,4.79
efhirs,sheriff,4.79
aegint,eating,4.78
agls,glass,4.78
epty,type,4.78
gnsu,guns,4.78
ceinprx,experience,4.78
bilosuvy,obviously,4.78
einw,wine,4.78
eprs,press,4.78
cdfiltu,difficult,4.78
dir,rid,4.78
aes,sea,4.78
amrs,arms,4.78
fghilt,flight,4.78
aginsty,staying,4.77
aerst,arrest,4.77
cekn,neck,4.77
gorw,grow,4.77
eimnot,mention,4.77
aefiortv,favorite,4.77
dinw,wind,4.77
egilnps,sleeping,4.77
ceinot,notice,4.77
adimt,admit,4.77
aertx,extra,4.77
hintw,within,4.77
low,low,4.77
beilmops,impossible,4.77
agy,gay,4.77
cemoprtu,computer,4.77
agnry,angry,4.77
bchnu,bunch,4.77
abelm,blame,4.77
anpst,pants,4.77
istv,visit,4.77
cklo,clock,4.77
eflow,fellow,4.77
cehiknt,kitchen,4.77
aly,lay,4.76
adgru,guard,4.76
adelnr,learned,4.76
efgilns,feelings,4.76
fit,fit,4.76
alp,pal,4.76
aber,bear,4.76
efnot,often,4.76
dilw,wild,4.76
ilsy,silly,4.76
acemr,camera,4.76
acehr,reach,4.75
abceh,beach,4.75
egl,leg,4.75
ciklquy,quickly,4.75
ghilst,lights,4.75
orstw,worst,4.75
ghinost,shooting,4.75
adelpy,played,4.75
alnps,plans,4.75
bcksu,bucks,4.75
delnsuy,suddenly,4.75
ginrtw,writing,4.75
ackrt,track,4.75
acehrt,teacher,4.75
cdilorsu,ridiculous,4.74
egls,legs,4.74
eirv,river,4.74
bnru,burn,4.74
antu,aunt,4.74
aeirs,raise,4.74
hs,shh,4.74
cdeinos,decision,4.74
deiprsu,surprised,4.74
cors,cross,4.74
cost,cost,4.74
enqu,queen,4.74
efhrs,fresh,4.74
cegmnry,emergency,4.74
acdgin,dancing,4.74
acdeilm,medical,4.74
cel,cell,4.73
egnot,gotten,4.73
dems,seemed,4.73
begir,bigger,4.73
cdelos,closed,4.73
adeklw,walked,4.73
bmo,bomb,4.73
aghin,hanging,4.73
enot,note,4.73
hops,shop,4.73
eistw,sweetie,4.73
nstu,nuts,4.73
abdn,band,4.73
gilnos,losing,4.73
ceipr,price,4.73
aestw,waste,4.73
ceilnt,client,4.73
elost,stole,4.73
cdeo,code,4.72
cginry,crying,4.72
eprsu,pressure,4.72
acelps,places,4.72
dgos,dogs,4.72
eors,rose,4.72
cdik,dick,4.72
acept,accept,4.72
efhrtu,further,4.72
celntx,excellent,4.72
acgim,magic,4.72
dgiknr,drinking,4.72
ekps,keeps,4.72
cenor,corner,4.72
cdeinors,consider,4.72
elorsuv,ourselves,4.72
acgint,acting,4.72
efhlrs,herself,4.72
cdeklo,locked,4.72
aghilnu,laughing,4.72
aders,address,4.72
copy,copy,4.72
elst,tells,4.72
amrw,warm,4.72
dlos,sold,4.72
aegnprt,pregnant,4.72
ahl,hall,4.72
aert,treat,4.71
ehrvwy,everywhere,4.71
aeprs,papers,4.71
celmopt,complete,4.71
cpu,cup,4.71
elv,level,4.71
aswy,ways,4.71
adeps,passed,4.71
einstw,witness,4.71
cefhkmortu,motherfucker,4.71
adhlry,hardly,4.71
acmp,camp,4.71
egiknp,keeping,4.71
eksy,keys,4.71
beg,beg,4.71
epy,yep,4.71
dtuy,duty,4.71
ms,ms,4.71
einrst,interest,4.71
ghit,tight,4.71
belot,bottle,4.7
eghilnp,helping,4.7
oprstu,support,4.7
fgilny,flying,4.7
nrstu,turns,4.7
mno,moon,4.7
bmot,bottom,4.7
ghinop,hoping,4.7
aceinorstv,conversation,4.7
ehor,hero,4.7
afiln,final,4.7
ceinotu,continue,4.69
achmt,match,4.69
aegilopz,apologize,4.69
ailrt,trial,4.69
iprst,spirit,4.69
gilnw,willing,4.69
achir,chair,4.69
ikrs,risk,4.69
dstuy,study,4.69
bilopsy,possibly,4.69
ainr,rain,4.69
abeov,above,4.69
cinosu,cousin,4.69
delpu,pulled,4.69
deopr,dropped,4.69
cdeitx,excited,4.69
emory,memory,4.69
abehrt,breathe,4.69
emny,enemy,4.69
eghu,huge,4.68
acehrs,search,4.68
dgrsu,drugs,4.68
aegrst,greatest,4.68
abetuy,beauty,4.68
aelty,lately,4.68
elru,rule,4.68
bdilu,build,4.68
cehos,choose,4.68
acdrs,cards,4.68
acdeiv,advice,4.68
adeilmty,immediately,4.68
abcem,became,4.68
cimtv,victim,4.68
acho,coach,4.68
eflorsw,flowers,4.68
dehosw,showed,4.68
cerw,crew,4.68
aelnprty,apparently,4.67
aehvy,heavy,4.67
cikrt,trick,4.67
empty,empty,4.67
abceflmort,comfortable,4.67
deorsty,destroy,4.67
behorst,brothers,4.67
imnos,mission,4.67
lpsu,plus,4.67
lop,pool,4.67
bdmu,dumb,4.67
dehlp,helped,4.67
efikn,knife,4.67
cdehk,checked,4.67
aenopw,weapon,4.67
aenrstu,restaurant,4.67
hirst,shirt,4.67
afhit,faith,4.67
eg,gee,4.67
ilmpsy,simply,4.67
dgi,dig,4.66
eisz,size,4.66
eimosv,movies,4.66
acenrsy,necessary,4.66
ehlmstv,themselves,4.66
bdiln,blind,4.66
cdeirt,credit,4.66
cenrt,center,4.66
bdegir,bridge,4.66
celors,closer,4.66
cdisu,discuss,4.66
acrs,cars,4.66
eimrst,mister,4.66
adgmnr,grandma,4.66
cko,cook,4.66
aegst,stage,4.66
eikrst,strike,4.66
ceikt,ticket,4.66
ailmn,animal,4.66
bdir,bird,4.66
aelsv,leaves,4.66
ghist,sight,4.66
fgilnow,following,4.66
ehmosw,somehow,4.66
giknow,knowing,4.66
dgru,drug,4.65
aenrtu,nature,4.65
ehorvw,however,4.65
ceinpr,prince,4.65
acek,cake,4.65
beilnoprs,responsible,4.65
afmosu,famous,4.65
enrsu,nurse,4.65
ceort,correct,4.65
cdefku,fucked,4.65
adelow,allowed,4.65
ksy,sky,4.65
aeghinr,hearing,4.65
acnotu,account,4.65
cmno,common,4.65
adfor,afford,4.65
cehins,chinese,4.65
eit,tie,4.65
bghirt,bright,4.65
alow,allow,4.65
beglno,belong,4.65
cdenor,concerned,4.65
cepstu,suspect,4.64
einrtw,written,4.64
ikns,skin,4.64
fil,fill,4.64
aeinoprt,operation,4.64
deks,desk,4.64
aey,aye,4.64
aghtu,taught,4.64
ackp,pack,4.64
deil,lied,4.64
aefrst,faster,4.64
dersv,deserve,4.64
adegnr,danger,4.64
acdmno,command,4.64
eiorst,stories,4.64
ceikst,tickets,4.64
dghin,hiding,4.64
aginpy,paying,4.64
ceflprty,perfectly,4.64
bdenoy,beyond,4.63
denstu,student,4.63
dry,dry,4.63
jruy,jury,4.63
aimn,main,4.63
adehs,heads,4.63
agmopr,program,4.63
ap,papa,4.63
iklm,milk,4.63
dehl,held,4.63
behilor,horrible,4.63
adikn,kinda,4.63
def,feed,4.63
alnrtu,natural,4.63
abegiknr,breaking,4.63
gluy,ugly,4.62
acot,coat,4.62
aghlotu,although,4.62
inop,opinion,4.62
cefirt,terrific,4.62
acdginor,according,4.62
aeglmnt,gentleman,4.62
delor,older,4.62
cdeinot,noticed,4.62
aclo,local,4.62
elnoy,lonely,4.62
aehms,shame,4.62
ehiorstw,otherwise,4.62
aeglr,large,4.62
deiov,video,4.62
deps,speed,4.62
ailmrty,military,4.61
biltu,built,4.61
ehorsw,shower,4.61
ilo,oil,4.61
inoprtuy,opportunity,4.61
cehst,chest,4.61
begist,biggest,4.61
beit,bite,4.61
aw,aw,4.61
ahsw,wash,4.61
enost,stone,4.61
bcklo,block,4.61
cdeors,records,4.61
dein,indeed,4.61
aenopsw,weapons,4.61
deintv,invited,4.61
adrw,draw,4.61
ginrtu,turning,4.61
aenorty,attorney,4.61
denprt,pretend,4.61
aehlt,health,4.6
abls,balls,4.6
aegmnr,manager,4.6
egstu,guest,4.6
dlou,loud,4.6
acfinst,fantastic,4.6
efilst,itself,4.6
acers,cares,4.6
aehks,shake,4.6
bemnrsu,numbers,4.6
ceinprs,princess,4.6
adilns,island,4.6
clor,color,4.6
aeilr,earlier,4.6
bel,bell,4.59
adekn,naked,4.59
etw,wet,4.59
gip,pig,4.59
ehnorw,nowhere,4.59
emry,merry,4.59
ailmns,animals,4.59
eilw,weli,4.59
cehs,cheese,4.59
adeis,ideas,4.59
adinorstw,downstairs,4.59
deilors,soldier,4.59
emnorst,monster,4.59
aelrsv,several,4.59
aelnpt,planet,4.59
aefls,fellas,4.59
aeins,insane,4.59
egs,eggs,4.59
ekops,spoke,4.59
eivw,view,4.59
bdloy,bloody,4.58
eilns,lines,4.58
eginop,opening,4.58
aceinrsu,insurance,4.58
ilpst,split,4.58
aejlosu,jealous,4.58
beltu,bullet,4.58
adeirv,arrived,4.58
ailnot,national,4.58
acegimnrs,screaming,4.58
aioprt,airport,4.58
cehps,speech,4.58
hko,hook,4.58
cdinot,condition,4.58
dfgin,finding,4.58
ersv,serve,4.58
er,er,4.58
bcdeilnr,incredible,4.58
aelpry,player,4.58
agilns,signal,4.58
agrsu,sugar,4.58
alot,total,4.58
hil,hill,4.57
abflot,football,4.57
aegp,page,4.57
cersw,screw,4.57
ceijstu,justice,4.57
elrst,letters,4.57
hrstu,hurts,4.57
cejoprt,project,4.57
ghoru,rough,4.57
cdorw,crowd,4.57
agilnp,planning,4.57
aipr,pair,4.57
alsu,usual,4.57
enors,sooner,4.57
acdemnor,commander,4.57
bcejstu,subject,4.57
eils,lies,4.57
deimnr,remind,4.57
eghnrst,strength,4.57
ailm,mail,4.57
ainpt,paint,4.57
aefkr,freak,4.56
bdemor,bedroom,4.56
bdeghinor,neighborhood,4.56
efginr,finger,4.56
aelnoprsy,personally,4.56
ghost,ghost,4.56
aejmsty,majesty,4.56
cdorst,doctors,4.56
aefk,fake,4.56
aelrs,release,4.56
eghitw,weight,4.56
acehp,cheap,4.56
aekmrt,market,4.56
apry,pray,4.56
ceginptx,expecting,4.56
intu,unit,4.56
degins,signed,4.56
afgiln,falling,4.56
ahort,throat,4.56
aekl,lake,4.56
nor,nor,4.56
cdeiort,director,4.56
adeilrz,realized,4.56
adegr,agreed,4.55
lrtuy,truly,4.55
abilnrt,brilliant,4.55
abc,cab,4.55
eoprsw,powers,4.55
acdny,candy,4.55
ijnoru,junior,4.55
adepr,prepared,4.55
aegl,legal,4.55
cekopt,pocket,4.55
abe,babe,4.55
adr,radar,4.55
elpst,slept,4.55
beilnoprsty,responsibility,4.55
aimnotu,mountain,4.55
abes,base,4.55
orsu,ours,4.55
fimr,firm,4.55
adert,trade,4.55
hmow,whom,4.55
acimnort,romantic,4.55
afn,fan,4.55
ailr,liar,4.55
aginrt,training,4.55
bginrs,brings,4.55
eflopruw,powerful,4.55
aeglnu,language,4.54
ehnrvw,whenever,4.54
eoprsu,purpose,4.54
bdeilv,believed,4.54
bels,bless,4.54
ceips,pieces,4.54
einos,noise,4.54
cksu,suck,4.54
acfny,fancy,4.54
cegintx,exciting,4.54
eginsu,genius,4.54
efgnort,forgotten,4.54
cdeinortu,introduce,4.54
enrt,rent,4.54
afilmr,familiar,4.54
acilmnr,criminal,4.54
dors,doors,4.54
fopr,proof,4.54
eotv,vote,4.54
cmo,com,4.54
ceginorz,recognize,4.54
elnost,stolen,4.54
cdeisu,suicide,4.53
aehrtw,weather,4.53
diknrs,drinks,4.53
cdeimn,medicine,4.53
eisu,issue,4.53
filt,lift,4.53
deflow,followed,4.53
bdeiru,buried,4.53
dmo,mood,4.53
aelm,male,4.53
agmno,among,4.53
eilnostv,television,4.53
aeglru,regular,4.53
denop,opened,4.53
ademosy,someday,4.53
achmost,stomach,4.53
elowy,yellow,4.53
cnotuy,county,4.53
bcku,buck,4.53
aelnry,nearly,4.53
aegilv,village,4.53
ekmnoy,monkey,4.52
aipz,pizza,4.52
aemsu,assume,4.52
adeghin,heading,4.52
densu,sudden,4.52
aost,toast,4.52
aers,ears,4.52
aefl,fella,4.52
abeis,babies,4.52
acejkt,jacket,4.52
aeln,lane,4.52
acilos,social,4.52
ghostu,thoughts,4.52
aelrtv,travel,4.52
eoprty,property,4.52
cdeptx,expected,4.52
efginrs,fingers,4.52
bdeios,bodies,4.52
aeimnr,remain,4.52
acersty,secretary,4.52
aeflnru,funeral,4.52
aegimnz,magazine,4.52
aelsux,sexual,4.52
aenorst,senator,4.52
ejkr,jerk,4.52
adgint,dating,4.52
aegls,glasses,4.52
defmor,freedom,4.52
adegm,damage,4.52
adehmnos,handsome,4.52
aeprt,repeat,4.52
dehir,hired,4.52
bginuy,buying,4.52
efpr,prefer,4.52
ceiosty,society,4.52
egnry,energy,4.52
ackr,crack,4.52
acehs,chase,4.52
acinotv,vacation,4.52
delmru,mulder,4.52
cdeiorv,divorce,4.51
adesty,stayed,4.51
defns,defense,4.51
adgnpr,grandpa,4.51
abegn,began,4.51
cgiknp,picking,4.51
ceghikn,checking,4.51
degnos,goodness,4.51
cdefnosu,confused,4.51
aeflnortuy,unfortunately,4.51
egrsuy,surgery,4.51
ehlnopt,telephone,4.51
acnort,contract,4.51
aefsty,safety,4.51
alt,tall,4.51
defix,fixed,4.51
aefilnoprs,professional,4.51
elnos,lesson,4.51
ainst,assistant,4.51
inty,tiny,4.51
efrz,freeze,4.51
denorstu,understood,4.51
nrsu,runs,4.51
ceilns,license,4.51
delmo,model,4.51
aegt,gate,4.51
fost,soft,4.51
dginr,riding,4.5
aginrw,warning,4.5
egin,engine,4.5
adelnp,planned,4.5
amp,map,4.5
imsw,swim,4.5
ahmr,harm,4.5
aeqrsu,square,4.5
eilrsv,silver,4.5
aberv,brave,4.5
eiopstv,positive,4.5
cdeorv,covered,4.5
aeflm,female,4.5
acelmops,someplace,4.5
belw,blew,4.5
aenos,season,4.5
hrsu,rush,4.5
aemosw,awesome,4.5
nosw,snow,4.5
ginprs,spring,4.5
aceghmnp,champagne,4.5
adeprs,spread,4.5
amory,mayor,4.49
dnopsu,pounds,4.49
demno,demon,4.49
einrw,winner,4.49
ilps,lips,4.49
adelr,leader,4.49
egnotu,tongue,4.49
abht,bath,4.49
eimnoprs,permission,4.49
ghinosw,showing,4.49
eimnorsu,monsieur,4.49
morst,storm,4.49
ortu,tour,4.49
benos,bones,4.49
bginru,burning,4.49
aeimnopt,appointment,4.48
cdeik,kicked,4.48
deimnot,mentioned,4.48
ceors,score,4.48
aceno,ocean,4.48
aeilrty,reality,4.48
aehps,shape,4.48
agn,gang,4.48
eirsuv,survive,4.48
aginsv,saving,4.48
cos,cos,4.48
elsty,style,4.48
afmr,farm,4.48
ghinops,shopping,4.48
acelry,clearly,4.48
esxy,sexy,4.48
aelmpx,example,4.48
ginorw,growing,4.48
adil,laid,4.48
ghos,gosh,4.48
ginrs,rings,4.48
almr,alarm,4.47
alpsy,plays,4.47
cdersw,screwed,4.47
efnortu,fortune,4.47
cdehlsu,schedule,4.47
bdegiln,bleeding,4.47
chnpu,punch,4.47
aeinpst,patients,4.47
ghirst,rights,4.47
eintv,invite,4.47
biosuv,obvious,4.47
aceghrs,charges,4.47
einrtvw,interview,4.47
cdehotu,touched,4.47
aprst,parts,4.47
ainrsu,russian,4.47
abeilnuv,unbelievable,4.47
ehrvw,wherever,4.47
acehlot,chocolate,4.47
cfosu,focus,4.47
borw,borrow,4.47
egrw,grew,4.47
dfins,finds,4.47
aeginostv,investigation,4.47
aemnst,statement,4.47
adlo,load,4.47
aginpt,painting,4.47
ghinortw,throwing,4.46
cimnotuy,community,4.46
los,loss,4.46
adeitw,waited,4.46
abelry,barely,4.46
dosw,woods,4.46
aceghns,changes,4.46
adeilst,details,4.46
elorsuvy,yourselves,4.46
eistx,exist,4.46
eilot,toilet,4.46
acehns,chances,4.46
deorv,drove,4.46
dmpu,dump,4.46
adeiprs,disappeared,4.46
chkos,shock,4.46
cdeiorsv,discovered,4.46
adefil,failed,4.46
eip,pie,4.46
achrs,crash,4.46
airst,artist,4.46
ast,sat,4.46
ehorty,theory,4.46
abgs,bags,4.46
joy,joy,4.46
adelps,pleased,4.45
inru,ruin,4.45
deiks,kissed,4.45
acfirt,traffic,4.45
iknp,pink,4.45
eisw,wise,4.45
acginry,carrying,4.45
bdenru,burned,4.45
dghimnt,midnight,4.45
deilrv,deliver,4.45
abder,bread,4.45
cefiors,officers,4.45
bnotu,button,4.45
adegiln,dealing,4.45
agilnor,original,4.45
ghnu,hung,4.45
cdeirv,received,4.45
beilstu,subtitles,4.45
acghimnr,charming,4.45
chistw,switch,4.45
cdent,decent,4.45
ahn,nah,4.45
below,below,4.45
derst,desert,4.45
ceoprs,process,4.45
einpsvx,expensive,4.45
beglnos,belongs,4.45
acilprtu,particular,4.45
eghir,higher,4.44
emosv,moves,4.44
abeghinrt,breathing,4.44
adeghmnort,grandmother,4.44
elorw,lower,4.44
deiopr,period,4.44
deipr,pride,4.44
adlor,dollar,4.44
chitw,witch,4.44
ipt,tip,4.44
bjos,jobs,4.44
alnpt,plant,4.44
oprst,sports,4.44
elrsuy,surely,4.44
bstu,bust,4.44
bhirt,birth,4.44
cdgilnu,including,4.44
ijnot,joint,4.44
blu,bull,4.44
eirw,wire,4.44
abinrs,brains,4.44
eirs,rise,4.44
adorstw,towards,4.44
bginor,boring,4.44
adehms,ashamed,4.44
lt,lt,4.44
ceinost,section,4.44
acfst,facts,4.44
celrv,clever,4.44
ehlnosty,honestly,4.44
cesu,success,4.44
achilpsy,physical,4.43
acdeilmopt,complicated,4.43
gilnpu,pulling,4.43
egrt,regret,4.43
celost,closet,4.43
elors,loser,4.43
agint,giant,4.43
ehlw,wheel,4.43
agiknpr,parking,4.43
cilopy,policy,4.43
entwy,twenty,4.43
dow,wood,4.43
aeft,fate,4.43
ceiju,juice,4.43
egnorv,governor,4.43
deit,tied,4.43
acefs,faces,4.43
fghotu,fought,4.43
acost,coast,4.43
ilopt,pilot,4.43
aceilmr,miracle,4.43
efils,files,4.43
elorv,lover,4.43
abdes,based,4.42
acegirt,cigarette,4.42
dginstu,disgusting,4.42
aefglrtu,grateful,4.42
ghimty,mighty,4.42
acdehtw,watched,4.42
dnouw,wound,4.42
adgr,drag,4.42
cdefor,forced,4.42
fhortu,fourth,4.42
acemrs,scream,4.42
entv,event,4.42
ekow,woke,4.42
acort,actor,4.42
orw,row,4.42
aegrv,grave,4.42
acghin,changing,4.42
einors,senior,4.42
ciorsu,curious,4.42
aflt,flat,4.42
abdly,badly,4.42
eiprst,priest,4.42
acrsy,scary,4.42
dehlorsu,shoulder,4.42
chik,chick,4.42
gikmnos,smoking,4.42
cgilnos,closing,4.42
defor,offered,4.42
aelnt,talent,4.42
abegr,garbage,4.42
adeitu,attitude,4.42
lmosty,mostly,4.42
beno,bone,4.42
