pair,top_words,top_words_total_frequency
ht,the that what this with there they right,58197883
eh,the he have there here they she her,47322697
ou,you your out about would our could should,42863453
oy,you your okay only sorry money today boy,37673348
et,the there they get let time them take,37652295
ot,to not out about got something too two,31153614
it,it this with right think time something little,30956630
no,on no not don know now one going,27593700
ah,that what have yeah had has thank anything,27592187
at,that what about at want take thank anything,26699512
an,and can want an gonna man mean thank,21755712
hi,this with right him think his something thing,19796645
dn,and don didn need down doing find around,19681450
hw,what with how who why when where which,19581234
is,is this his something said first still sir,18579767
fo,of for from off before found yourself forget,18004732
er,are there here her where were really more,17469212
or,for your from or our more over sorry,16663424
aw,what was want way wait away always wanted,16287669
ae,have are yeah take really make because please,16141531
em,me come time them some something more make,15609948
do,do don good would could down should doing,15306986
tw,what with want two wait wanted went without,15002145
ad,and had said day around made wanted dad,14960440
in,in think going didn something doing thing into,14921999
ew,we well when where were new wanted went,14308337
hs,this she his something has should these those,14293699
tu,but just out about must thought put through,14043058
hr,there here right her where their other everything,14039311
ow,know now how who would down two work,13761357
st,this just something these first still must stop,13246820
nt,not want think then something thank thing into,12493583
nw,know now want when down won new wanted,12125383
el,like well let tell really people little please,11796755
go,go got good going gonna something doing nothing,11550778
as,was as say has because please said last,11451481
ey,they yeah yes really hey very maybe everything,11065432
es,she see yes some something because please sure,10831076
ev,have very never over love give even everything,10427917
eo,one come some something more people over love,10280897
en,one when then been need something never mean,10167214
ho,oh how who something should nothing other thought,9793667
ry,your really very sorry everything years every try,9265250
ei,like time something little give life their everything,8902376
os,so some something should sorry stop those does,8862028
be,be been because maybe before better believe being,8826553
ay,yeah okay really say way any anything day,8784180
gi,right going something give doing thing anything nothing,8640439
mo,come from some something more home money someone,8559142
su,just us because should sure must guys house,8506265
ko,know okay look work ok looking took looks,8488932
ru,your our sure around through course understand yourself,8420905
il,like will little still life believe girl listen,8258714
ar,are really after great years around father another,8253341
kn,know think thank thanks kind talking looking knew,8220543
al,all really please call talk last always leave,8210657
ac,can back because call place came care car,8164817
bu,but about because business beautiful number husband trouble,7881476
iw,with will wait which without while wife working,7767708
gh,right something thing anything nothing thought night everything,7210263
ak,okay back take make thank talk thanks ask,7200651
lw,well will would always world wouldn whole while,7145324
gn,going gonna something doing thing anything nothing again,7029908
eg,get something give great everything being enough getting,6894000
ao,about okay gonna around today another woman also,6892177
ek,like take make keep knew killed check makes,6597609
im,him time something coming might mind morning family,6591519
ab,about back because maybe bad baby probably beautiful,6417610
lt,let tell little still talk last told lot,6414656
kl,like look talk kill talking looking looks killed,6364329
av,have leave haven having gave whatever save alive,6325611
hv,have everything haven having whatever everywhere themselves heaven,6062949
di,did didn said doing find kind mind friend,6034323
ir,right first sir their everything girl friend morning,5987985
ty,they anything everything stay today try trying actually,5873957
cn,can nice coming once since couldn fucking second,5805595
fi,if first find life fine friend family wife,5795618
sy,yes say sorry always years guys stay yourself,5714241
kt,think take thank talk thanks talking took thinking,5680320
mt,time them something must mother might most tomorrow,5672512
io,going something doing into nothing coming looking morning,5589761
am,man make mean am maybe name made came,5589594
kw,know work knew working knows week walk known,5538518
dl,would could should told old world wouldn already,5172359
co,come could coming course once school couldn police,5052149
au,about because around understand actually beautiful daughter husband,5007004
du,would could should around understand found wouldn used,5001661
rw,where were work wrong world tomorrow worry working,4644666
bo,about before boy job both brother problem probably,4633031
lu,would could should yourself wouldn actually couldn until,4604187
mr,from more mother remember morning room tomorrow matter,4541406
cm,come much coming came music comes welcome become,4347704
ls,please should still last always listen else yourself,4344743
ms,some something must someone same most miss myself,4340208
rs,sorry sure first sir years course understand yourself,4334195
wy,why way away always worry anyway anywhere lawyer,4286008
ep,people please help keep place happened pretty phone,4208025
cu,could because much course actually such fuck couldn,4146552
ag,gonna anything again great talking saying gotta ago,3998514
ns,something things doesn isn someone thanks listen understand,3970706
ly,really only always yourself family already actually myself,3969938
ai,said anything again wait talking family idea saying,3755724
ef,life before after feel father fine left friend,3744835
lp,people please help place play problem police probably,3729490
dw,would down wanted world wouldn word words worked,3724539
dh,had should happened heard head hold hard hand,3722131
ds,should said does doesn understand used days friends,3704211
pu,up put supposed couple stupid pull picture suppose,3682517
eu,because sure house course enough understand yourself used,3667665
dg,good doing god daughter dog glad changed darling,3645860
nr,never everything around wrong another understand friend morning,3635423
js,just jesus james majesty justice jealous japanese subject,3630659
hk,think thank thanks thinking check chuckles thinks kitchen,3594895
jt,just majesty justice project subject jacket object joint,3518165
cl,could call place actually called school couldn police,3368804
lr,really girl world yourself real already problem later,3273476
hl,should help hello hell hold whole while school,3215428
ln,only long listen talking looking wouldn alone couldn,3175865
nv,never even everything haven everyone having living leaving,3144373
by,by maybe boy baby probably everybody somebody body,2996177
gs,something things guys guess saying against girls goes,2946730
gy,anything everything guys guy trying saying young playing,2919387
gu,thought guys guy through enough guess fucking young,2879690
bc,back because become black bitch club public became,2817437
op,people stop phone problem open hope police probably,2808280
bn,been being bring business number husband nobody between,2747063
ap,please place happened happy play probably part pay,2742498
ov,over love move everyone everybody voice loved moving,2690971
cs,because course such since school excuse case music,2659969
iv,give everything believe live having five alive living,2650751
fl,life feel left yourself family myself beautiful half,2623551
gm,something coming might morning making game meeting gentlemen,2609808
dr,around world understand friend already heard ready door,2601571
fm,from family myself himself information film form famous,2576047
ck,back fuck fucking check black pick sick jack,2531175
fn,find fine found friend fucking friends different fun,2476295
lv,love leave believe live alive living leaving lives,2465544
vy,very everything every everyone everybody lovely obviously everywhere,2454725
ch,much which such school each watch change check,2445723
iy,anything everything trying family saying playing city finally,2383524
dt,told wanted today understand doctor death different daughter,2367218
ps,please stop person sleep supposed speak stupid promise,2328340
dy,day today already ready days everybody somebody body,2321271
ci,which nice coming since fucking police music children,2289967
bi,big believe being bit bring business beautiful behind,2279027
af,after father family face beautiful far afraid half,2220722
pt,stop put pretty part point party important stupid,2214235
hp,help happened happy phone hope happen perhaps happens,2162497
gl,long girl talking looking girls playing telling along,2133008
uw,would without wouldn wonderful awful powerful wound unknown,2111321
bs,because best business somebody husband boys boss possible,2089438
df,find found friend friends different afraid food wonderful,2059275
bk,back break black book broke bank broken books,2014691
fs,first yourself myself friends stuff safe himself fast,1942889
fu,found yourself fuck fucking beautiful stuff four fun,1856451
ks,thanks ask looks kids knows makes asked speak,1852488
cr,course care car doctor crazy children country clear,1837866
ky,okay lucky york key quickly sky keys likely,1813322
gk,talking looking fucking thinking working taking making king,1751005
bm,maybe remember problem somebody number become problems became,1749510
iu,without fucking until business music beautiful minute minutes,1736445
np,happened phone open person happen point important playing,1704517
bl,believe problem probably beautiful blood able trouble black,1601817
km,make makes making mistake mike mark smoke milk,1582468
py,happy pretty play probably pay party playing company,1567889
pr,pretty problem probably person part party important power,1546595
dm,made mind damn somebody married murder dream mad,1542056
dk,kind killed kids kid drink asked worked looked,1535979
bd,bad everybody somebody body husband nobody behind blood,1511712
kr,work working drink break worked works dark broke,1443029
ct,actually watch doctor exactly cut city country fact,1423187
cp,place police couple captain pick perfect special company,1383457
lm,family myself problem almost welcome small himself million,1372638
cf,fuck fucking face office fact perfect careful coffee,1276129
fy,yourself family myself funny finally definitely fly boyfriend,1242087
bh,both brother husband behind brought bitch birthday bought,1218315
ip,police point important playing stupid captain pick promise,1201563
cy,actually exactly crazy city country company lucky completely,1199406
cg,coming fucking change calling changed caught watching charge,1197263
fh,father fight half himself chief finish finished fish,1124445
ex,next excuse exactly sex explain expect except relax,1123509
mw,woman tomorrow women welcome somewhere awesome warm whom,1076185
kp,keep speak pick speaking kept park picked keeping,1074914
gw,wrong working waiting wedding watching wearing walking grow,1039206
dp,happened supposed stupid drop president paid spend deep,1021066
ku,fuck fucking luck chuckles lucky quick quickly drunk,986717
cw,which watch welcome watching twice crowd crew screw,985945
mp,problem important promise company completely simple problems impossible,872719
fw,wife few follow wonderful forward following flowers awful,840863
tx,next exactly expect except excited extra excellent exist,805490
bp,problem probably possible problems public impossible responsible possibly,786211
jo,job john joe join enjoy major joke johnny,752894
fk,fuck fucking frank breakfast fuckin knife folks fake,741508
qu,quite question quiet questions quick quickly queen quit,728664
cx,excuse exactly expect except experience excited excellent expecting,698411
iq,quite question quiet questions quick quickly quit equipment,693194
dv,everybody drive loved evidence david detective saved moved,692120
mv,move moving movie government moved victim themselves movies,677125
nx,next explain experience excellent expecting exciting expensive exchange,600814
eq,quite question quiet questions queen square request equipment,598541
sv,save lives seven service saved visit obviously loves,589801
qt,quite question quiet questions quit request equipment quietly,587222
gp,playing speaking happening group sleeping putting gasps helping,557397
ax,exactly explain relax max alex extra example sexual,516030
lx,exactly explain relax alex excellent example sexual extremely,486507
cv,voice evidence cover detective service victim conversation advice,465626
ej,jesus joe enjoy judge joke james majesty jane,455204
ix,six explain fix experience excited exist expecting exciting,435522
vw,whatever everywhere however whoever view whenever interview wherever,410345
aj,jack major jail james majesty jane jake jealous,403092
bj,job subject jobs object jacob objection objects benjamin,399205
px,explain expect except experience example expecting expected expensive,381992
rz,crazy realize recognize realized zero freeze prize frozen,367955
nq,question questions queen equipment unique consequences quinn technique,337110
fp,perfect professor powerful perfectly prefer proof professional performance,332264
bw,between blow brown below borrow blew blows blowing,331413
qs,question questions square request squad headquarters consequences squeeze,319888
pw,power weapon powerful weapons powers newspaper whispering wipe,313057
iz,amazing realize apologize size recognize realized pizza elizabeth,302372
ij,join jail jim jimmy justice joking junior juice,293402
ux,excuse sexual exhausted anxious executive unexpected excuses executed,291920
jk,jack joke jake jacket jerk joking jackson jackie,283371
xy,exactly sexy extremely extraordinary oxygen galaxy excellency luxury,280455
uv,obviously nervous ourselves survive universe obvious university eventually,273364
oq,question questions consequences liquor questioning quote questioned conquer,270706
cj,jack justice project subject jacket jackson juice object,269474
cz,crazy recognize citizens citizen recognized zach civilization zack,269193
ez,realize apologize size recognize realized zero elizabeth magazine,237471
rx,relax experience extra extremely expert extraordinary express experiment,227190
yz,crazy lazy dizzy cozy paralyzed yakuza analyze fuzzy,218784
jr,major project journey jerry jury jerk junior jordan,218617
pv,prove private expensive positive provide previously impressive vampire,218274
gz,amazing apologize recognize magazine organization buzzing freezing recognized,204499
nz,amazing recognize magazine zone dozen citizens frozen organization,196340
cq,quick quickly consequences technique sequence quicker conquer jacques,183443
mx,max example extremely mexico mixed mix experiment complex,170747
lz,realize apologize realized elizabeth liz lazy brazil puzzle,170691
ox,box explosion mexico extraordinary explanation fox complex boxes,167837
jp,jump project japanese japan jumped joseph jumping projects,166285
kq,quick quickly earthquake quicker squeaking squawking quarterback squeaks,166186
jl,jail jealous julie julia jungle july julian jill,157932
oz,apologize recognize zero zone dozen frozen organization zoe,151372
dx,excited expected fixed extraordinary mixed exhausted experienced alexander,149907
dj,judge joined jumped jordan enjoyed injured judy judgment,148218
gj,judge joking enjoying jungle judgment judges joining jumping,144256
lq,quickly quietly quality equal liquor liquid qualified squealing,132844
mz,amazing magazine zombie magazines zombies amazed zoom amazon,125792
fx,fix fixed fox felix fixing oxford fax flexible,121047
qr,square request quarter headquarters liquor required quarters require,111638
qy,quickly quietly quality equally frequency inquiry frequently quarry,110965
gx,expecting exciting exchange oxygen galaxy fixing boxing explaining,108409
bx,box boxes boxing baxter exhibit exhibition boxer mailbox,101959
pz,apologize pizza prize puzzle zip lopez paralyzed plaza,93431
dz,realized dozen recognized organized wizard dizzy switzerland dozens,83721
sz,size citizens squeeze magazines switzerland dozens seize nazis,80492
bz,elizabeth buzzing buzz booze zombie brazil breeze bizarre,73171
tz,elizabeth citizens organization citizen civilization switzerland schultz fritz,71638
dq,squad headquarters required liquid requested qualified quid questioned,70542
hx,exchange exhales exhausted sixth phoenix exhibit exhibition homosexual,70083
kv,kevin vodka thanksgiving vicky knives vicki kev provoke,65459
fj,jeff jennifer jeffrey jefferson justify justified joyful josef,61148
jw,jewish jews jewelry jew jewels jaw jewel jewellery,58108
vx,expensive executive exclusive explosives explosive extensive excessive xavier,57805
fz,freeze frozen freezing freezer franz fritz fitz fuzzy,55613
uz,buzzing buzz squeeze puzzle buzzer buzzes schultz suzanne,54201
hz,elizabeth zach horizon schultz authorized zhang sanchez hazel,44705
hq,headquarters technique earthquake cheque techniques hq squash earthquakes,42231
mq,equipment quantum marquis mosque mosquito mosquitoes dominique requirements,34737
gq,questioning squealing quitting squeaking requesting squawking qing squeezing,32016
jz,jeez jazz jeopardize jacuzzi jez jazzy juarez jimenez,26957
pq,equipment equipped plaque pasquale palanquin physique picturesque quadruple,25096
jv,objective javier lovejoy juvenile vijay jarvis juvie jeeves,23321
wz,wizard switzerland waltz wheezing whiz auschwitz wizards schwartz,21850
fq,qualified frequency frequently frequent qualify frequencies qualifications disqualified,21686
vz,civilization rendezvous civilized vocalizing mitzvah ziva alvarez civilizations,21669
kz,zack yakuza zeke mackenzie suzuki mckenzie katz ezekiel,19167
bq,banquet bouquet quarterback questionable boutique quebec albuquerque subsequent,13847
jq,jacques jacqueline joaquin joaquim jacquie jacqui jacquou joaquín,9310
jx,jax jinx jukebox ajax joxer jinxed,8903
kx,knox textbook jukebox textbooks klaxon kleenex knoxville kickboxing,8132
qv,equivalent vasquez vanquish vanquished inquisitive quivering ventriloquist quiver,7752
qw,squawking squawks squawk squaw,5243
qx,exquisite quixote equinox exquisitely exchequer,4704
xz,maximize extravaganza bozxphd,1114
